date,total,ye,yeb,lc,jj,hj
2018/11/21,68242.89,15.65,6770.5,51253.61,10175.94,27.19
2018/11/22,68250.09,0,6786.61,51259.35,10176.91,27.22
2018/11/23,68267.53,13.32,6784.07,51265.06,10177.87,27.21
2018/11/24,68087.99,0,6617.85,51265.06,10177.87,27.21
2018/11/25,68085.63,0.19,6615.3,51265.06,10177.87,27.21
2018/11/26,68123.81,30.35,6604.28,51282.1,10179.83,27.25
2018/11/27,68130.11,0,6635.08,51288.02,10179.84,27.17
2018/11/28,68166.4,29.04,6645.49,51294.03,10170.79,27.05
2018/11/29,68178.14,4.39,6674.99,51299.8,10171.75,27.21
2018/11/30,68322.85,137.51,6679.84,51305.57,10172.72,27.21
2018/12/1,68323.73,0.42,6817.81,51305.57,10172.72,27.21
2018/12/2,68324.49,0.3,6818.69,51305.57,10172.72,27.21
2018/12/3,68333.58,19.53,6789.69,51322.52,10174.66,27.18
2018/12/4,68520.71,233.01,6755.57,51328.39,10176.58,27.16
2018/12/5,68589.56,119.42,6929.15,51334.36,10179.45,27.18
2018/12/6,68598.51,1.66,7049.04,51340.11,10180.43,27.27
2018/12/7,68688.85,121.11,7013.18,51345.85,10181.39,27.32
2018/12/8,68750.14,80.81,7114.77,51345.85,10181.39,27.32
2018/12/9,65884.17,12.1,4317.51,51345.85,10181.39,27.32
2018/12/10,65934.51,30.1,4329.91,51362.61,10184.29,27.6
2018/12/11,81933.05,0,10351.87,51368.4,20185.25,27.53
2018/12/12,78172.86,131.77,6452.12,51374.34,20187.16,27.47
2018/12/13,78175.41,0.13,6584.34,51380.03,20183.37,27.54
2018/12/14,78213.7,34.08,6584.93,51385.75,20181.47,27.47
2018/12/15,78262.22,48.07,6619.46,51385.75,20181.47,27.47
2018/12/16,78265.05,2.38,6667.98,51385.75,20181.47,27.47
2018/12/17,78302.58,28.1,6661.01,51402.65,20183.42,27.4
2018/12/18,78336.92,37.46,6681.86,51408.51,20181.52,27.57
2018/12/19,82828.51,3.29,11356.46,51414.5,20026.66,27.6
2018/12/20,79549.38,13.9,8026.43,61420.26,10061.18,27.61
2018/12/21,79692.91,143.92,8033.01,61426.04,10062.14,27.8
2018/12/22,79697.07,3.59,8177.5,61426.04,10062.14,27.8
2018/12/23,80700.93,1003.29,8181.66,61426.04,10062.14,27.8
2018/12/24,80741.17,22.59,9185.52,61443.05,10062.14,27.87
2018/12/25,81507.27,758.58,9208.67,61448.89,10063.1,28.03
2018/12/26,81915.76,402.71,9967.89,61454.92,10062.14,28.1
2018/12/27,81923,0,10369.24,61460.76,10065.02,27.98
2018/12/28,81972.97,36.63,10369.95,61466.52,10071.73,28.14
2018/12/29,81984.39,10.68,10407.32,61466.52,10071.73,28.14
2018/12/30,81987.68,2.55,10418.74,61466.52,10071.73,28.14
2018/12/31,81992.1,3.68,10422.03,61466.52,10071.73,28.14
2019/1/1,81993.42,0.58,10426.45,61466.52,10071.73,28.14
2019/1/2,82035.41,4.45,10127.77,61494.59,10380.35,28.25
2019/1/3,82064.81,18.6,9832.94,61500.73,10684.14,28.4
2019/1/4,82255.44,198,9522.24,61506.58,11000.2,28.42
2019/1/5,82256.11,0,9720.91,61506.58,11000.2,28.42
2019/1/6,82459.07,30,9893.87,61506.58,11000.2,28.42
2019/1/7,82169.11,0,9302.33,61523.29,11315.2,28.29
2019/1/8,82153.37,0,8980.18,61528.87,11616.16,28.16
2019/1/9,78144.53,9.28,4490.74,61688.04,11928.4,28.07
2019/1/10,95625.09,17326.11,4200.34,61843.73,12226.84,28.07
2019/1/11,95617.84,0,10197.77,72849.42,12542.63,28.02
2019/1/12,95005.76,207.63,9228.06,72999.42,12542.63,28.02
2019/1/13,95156.13,0.1,9435.96,73149.42,12542.63,28.02
2019/1/14,95307.38,22.78,9113.93,73316.14,12826.49,28.04
2019/1/15,95207.62,0,8537.4,73472.59,13169.7,27.93
2019/1/16,95210.25,20.41,8218.03,73476.61,13467.21,27.99
2019/1/17,95199.79,0.01,7939.27,73483.23,13749.28,28
2019/1/18,95356.79,0,7640.08,73589.78,14098.91,28.02
2019/1/19,95372.68,14.98,7640.99,73589.78,14098.91,28.02
2019/1/20,95373.25,0,7656.54,73589.78,14098.91,28.02
2019/1/21,95451.6,36.32,13360.94,67605,14421.42,27.92
2019/1/22,95804.3,403.73,13097.81,67610.82,14663.97,27.97
2019/1/23,95852.04,50.1,13190.22,67617.27,14966.52,27.93
2019/1/24,95935.01,50.1,12941.29,67623.34,15292.33,27.95
2019/1/25,95511.82,0.42,12503.49,67379.39,15600.59,27.93
2019/1/26,95522.8,20,12494.89,67379.39,15600.59,27.93
2019/1/27,95774.06,0.42,13065.73,67079.39,15600.59,27.93
2019/1/28,95764.6,42.05,12542.63,67047.53,16104.26,28.13
2019/1/29,95756.74,29.22,12275.69,66803.52,16620.04,28.27
2019/1/30,95758.05,0.1,11978.21,66660.2,17091.19,28.35
2019/1/31,92503.2,23.18,8143.77,66666.39,17641.52,28.34
2019/2/1,92714.1,73.03,7623.57,66672.47,18316.62,28.41
2019/2/2,92694.71,0,7677.21,66672.47,18316.62,28.41
2019/2/3,112697.53,2.29,27677.74,66672.47,18316.62,28.41
2019/2/4,123305.08,5.06,38282.52,66672.47,18316.62,28.41
2019/2/5,123325.9,8.79,38299.61,66672.47,18316.62,28.41
2019/2/6,123326.43,0,38308.93,66672.47,18316.62,28.41
2019/2/7,123326.97,0.01,38309.46,66672.47,18316.62,28.41
2019/2/8,123327.6,0.1,28310,76672.47,18316.62,28.41
2019/2/9,120643.42,39.09,25336.83,76922.47,18316.62,28.41
2019/2/10,120657.9,0.1,25390.3,76922.47,18316.62,28.41
2019/2/11,119690.29,0,13665.93,86981.27,19014.68,28.41
2019/2/12,119781.79,2.34,18219.7,82223,19306.63,30.12
2019/2/13,120069.53,2.21,18114.95,82231.81,19690.51,30.05
2019/2/14,120085.64,30.21,16858.09,83238.41,19928.93,30
2019/2/15,120045.42,50,16447.92,83494.95,20022.36,30.19
2019/2/16,120053.15,32.21,16473.44,83494.95,20022.36,30.19
2019/2/17,120156.47,2.21,16356.76,83744.95,20022.36,30.19
2019/2/18,121849.54,2.21,16504.47,84764.37,20548.14,30.35
2019/2/19,121852.96,0.1,15312.81,85770.82,20738.82,30.41
2019/2/20,121881.2,0,14120.7,86778.12,20953.51,28.87
2019/2/21,121876.98,22.26,3915.07,96784.86,21126.07,28.72
2019/2/22,122103.03,0,4965.1,95541.06,21568.33,28.54
2019/2/23,122084.29,0,4946.36,95541.06,21568.33,28.54
2019/2/24,122084.75,0.2,4946.62,95541.06,21568.33,28.54
2019/2/25,122748.56,0.1,4722.08,95563.03,22434.87,28.48
2019/2/26,122674.56,16.1,5847.16,94569.95,22212.89,28.46
2019/2/27,122687.27,40,6639.16,93577.75,22401.92,28.44
2019/2/28,122702.95,15,17557.03,92584.55,12518.1,28.27
2019/3/1,122873.25,2.1,27338.62,82585.88,12918.53,28.12
2019/3/2,122876.6,2.21,27341.86,82585.88,12918.53,28.12
2019/3/3,122879.84,2.1,27345.21,82585.88,12918.53,28.12
2019/3/4,146366.48,4017.24,46346.16,82604.31,13371.01,27.76
2019/3/5,126724.19,0.1,30422.12,82610.48,13663.86,27.63
2019/3/6,126892.71,2.1,31088.61,82617.69,13156.51,27.8
2019/3/7,126945.77,0,33271.35,82624.17,11022.57,27.68
2019/3/8,126591.87,0.2,34077.9,82630.63,9855.22,27.92
2019/3/9,122803.44,0.1,30289.57,82630.63,9855.22,27.92
2019/3/10,122675.22,0,30161.45,82630.63,9855.22,27.92
2019/3/11,122958.65,2.1,29921.24,82649.24,10386.07,0
2019/3/12,140529.97,0.1,37108.26,92655.45,10766.16,0
2019/3/13,140158.44,2.1,36856.8,92412.6,10886.94,0
2019/3/14,140025.25,0.1,36591.29,92420.29,11013.57,0
2019/3/15,133302.16,2.1,29463.28,92427.78,11409,0
2019/3/16,133306.11,2,29467.33,92427.78,11409,0
2019/3/17,132481.05,0,28894.27,92177.78,11409,0
2019/3/18,132555.77,2.13,28626.16,91948.79,11978.69,0
2019/3/19,132627.32,75.6,28360.21,91956.06,12235.45,0
2019/3/20,117532.53,0,13358.43,91963.93,12210.17,0
2019/3/21,117610.25,0.1,13089.29,91971.55,12549.31,0
2019/3/22,117639,0.1,13320.62,91979.24,12339.04,0
2019/3/23,117638.94,0.1,13320.56,91979.24,12339.04,0
2019/3/24,117641.88,2.1,13321.5,91979.24,12339.04,0
2019/3/25,117510.83,73.1,13054.43,92000.09,12383.21,0
2019/3/26,115806.06,0.1,11358.34,92007.26,12440.36,0
2019/3/27,115927.93,3.6,11074.14,92015.12,12835.07,0
2019/3/28,115823.38,0.1,10792.49,92022.64,13008.15,0
2019/3/29,116301.22,22.5,10523.33,92030.16,13725.23,0
2019/3/30,116303.99,2.06,10546.54,92030.16,13725.23,0
2019/3/31,116293.74,2.06,10536.29,92030.16,13725.23,0
2019/4/1,116670.44,67.77,10339.05,92051.08,14212.54,0
2019/4/2,116704.23,18.74,13780.61,92058.24,10846.64,0
2019/4/3,116780.53,0.06,13490.21,92066.06,11224.2,0
2019/4/4,116877.31,0.06,13483.61,92073.92,11319.72,0
2019/4/5,116883.25,5.06,13484.55,92073.92,11319.72,0
2019/4/6,116884.15,0.06,13490.45,92073.92,11319.72,0
2019/4/7,116884.04,0.06,13490.34,92073.92,11319.72,0
2019/4/8,116911.55,20.02,13605.81,92102.13,11183.59,0
2019/4/9,112656.29,39.25,9174.52,92109.23,11333.29,0
2019/4/10,129538.72,43.31,25792.24,92117.52,11585.65,0
2019/4/11,130896.96,0.02,27181.1,92125.31,11590.53,0
2019/4/12,130894.51,0.02,26941.75,92132.81,11819.93,0
2019/4/13,130995.16,0.02,27042.4,92132.81,11819.93,0
2019/4/14,130996.8,0.06,27044,92132.81,11819.93,0
2019/4/15,131118.03,166.98,26790.64,92153.78,12006.63,0
2019/4/16,131412.05,0.06,26689.32,92160.72,12561.95,0
2019/4/17,131466.21,18.75,26451.04,92168.5,12827.92,0
2019/4/18,131436.94,15.02,26231.46,92176.02,13014.44,0
2019/4/19,131585.44,20.02,26008.12,92183.45,13373.85,0
2019/4/20,130874.43,2.36,25314.77,92183.45,13373.85,0
2019/4/21,130876.08,0.06,25318.72,92183.45,13373.85,0
2019/4/22,130427.64,0,24968.16,92204.32,13255.16,0
2019/4/23,130344.91,0,24715.34,92211.3,13418.27,0
2019/4/24,130421.21,0,24462.51,92219.01,13739.69,0
2019/4/25,130055.32,0,24209.77,92226.42,13619.13,0
2019/4/26,129916.11,0,23941.37,92233.71,13741.03,0
2019/4/27,129933.68,16,23942.94,92233.71,13741.03,0
2019/4/28,129995.69,60.5,3960.45,92233.71,33741.03,0
2019/4/29,129911.76,10,3751.2,92254.55,33896.01,0
2019/4/30,129983.56,0,22771.58,92261.45,14950.53,0
2019/5/1,134088.79,4105,22771.81,92261.45,14950.53,0
2019/5/2,134089.02,0,26877.04,92261.45,14950.53,0
2019/5/3,134528.25,449,26867.27,92261.45,14950.53,0
2019/5/4,134683.72,20,27451.74,92261.45,14950.53,0
2019/5/5,134683.95,0,27471.97,92261.45,14950.53,0
2019/5/6,133851.65,0,27202.2,92303.54,14345.91,0
2019/5/7,134004.6,5,26973.62,92310.91,14715.07,0
2019/5/8,133869.24,0,26745.31,92319.42,14804.51,0
2019/5/9,130877.42,0,23231.31,92326.59,15319.52,0
2019/5/10,131382.66,0,23007.77,92333.68,16041.21,0
2019/5/11,131405.1,21,23009.21,92333.68,16041.21,0
2019/5/12,131206.54,0,22831.65,92333.68,16041.21,0
2019/5/13,152497.98,0,44553.33,92354.56,15590.09,0
2019/5/14,152402.01,0,44274.75,92361.79,15765.47,0
2019/5/15,152735.75,2,44007.49,92369.5,16356.76,0
2019/5/16,152813.12,0,43733.42,92376.68,16703.02,0
2019/5/17,152390.24,0,43463.13,92383.86,16543.25,0
2019/5/18,152269.94,0,43342.83,92383.86,16543.25,0
2019/5/19,152242.21,0,43315.1,92383.86,16543.25,0
2019/5/20,151581.88,0.4,32354.77,102404.87,16821.84,0
2019/5/21,151597.09,0,31754.68,102412.12,17430.29,0
2019/5/22,151496.41,0,31459.66,102420.77,17615.98,0
2019/5/23,148715.92,0,28690.15,102429.02,17596.75,0
2019/5/24,148692.77,0.12,28298.14,102437.07,17957.44,0
2019/5/25,148598.76,0,28204.25,102437.07,17957.44,0
2019/5/26,148480.73,0,28086.22,102437.07,17957.44,0
2019/5/27,148780.74,0.06,27846.19,102460.7,18473.79,0
2019/5/28,148866.49,0.06,27567.5,102468.98,18829.95,0
2019/5/29,162628.26,0.07,41068.7,102477.75,19081.74,0
2019/5/30,127040.8,0,5304.88,102485.98,19249.94,0
2019/5/31,126903.88,0.06,4935.22,102494.03,19474.57,0
2019/6/1,126866.7,0,4898.1,102494.03,19474.57,0
2019/6/2,126826.08,0.06,4857.42,102494.03,19474.57,0
2019/6/3,126753.65,0.06,4567.8,102517.82,19667.97,0
2019/6/4,126689.37,113.12,4190.17,102526.22,19859.86,0
2019/6/5,126726.21,1.71,3970.8,102534.71,20218.99,0
2019/6/6,126470.46,0.12,3597.77,102542.86,20329.71,0
2019/6/7,126466.69,0,3594.12,102542.86,20329.71,0
2019/6/8,125377.31,0.07,2504.67,102542.86,20329.71,0
2019/6/9,125377.48,0,2504.91,102542.86,20329.71,0
2019/6/10,135426.04,0,11934.67,102574.83,20916.54,0
2019/6/11,137288.68,0,12915.88,102583.33,21789.47,0
2019/6/12,137107.02,0.07,12605.81,102592.09,21909.05,0
2019/6/13,136865.94,7.23,12116.62,102600.04,22142.05,0
2019/6/14,136619.21,0.06,21835.35,92519.42,22264.38,0
2019/6/15,136658.63,0.07,21874.76,92519.42,22264.38,0
2019/6/16,136659.38,0,21875.58,92519.42,22264.38,0
2019/6/17,126679.31,0.14,11494.52,92540.77,22643.88,0
2019/6/18,126716.52,0.07,32032.22,71636.24,23047.99,0
2019/6/19,126988.8,0.07,31624.75,71641.98,23722,0
2019/6/20,123460.35,0.06,27259.09,71647.41,24553.79,0
2019/6/21,123455.21,0.02,16818.16,81652.82,24984.21,0
2019/6/22,123457.2,0,16820.17,81652.82,24984.21,0
2019/6/23,123467.3,0,16830.27,81652.82,24984.21,0
2019/6/24,123376.37,0.14,16422.22,81668.36,25285.65,0
2019/6/25,123145.2,6.79,16143.4,81674.64,25320.37,0
2019/6/26,123116.1,0.07,15881.29,81682.53,25552.21,0
2019/6/27,123377.29,20.06,15602.45,81690.53,26064.25,0
2019/6/28,123242.05,0.07,15347.57,81696.73,26197.68,0
2019/6/29,123224.08,480.07,14848.6,81697.73,26197.68,0
2019/6/30,123220.2,1.2,15323.59,81697.73,26197.68,0
2019/7/1,123950.54,0.07,14060.71,81713.18,28176.58,0
2019/7/2,123752.56,40.91,13573.66,81721.62,28416.37,0
2019/7/3,123518.12,0.06,13345.42,81729.28,28443.36,0
2019/7/4,123557.08,0.07,13215.57,81734.51,28606.93,0
2019/7/5,123634.22,0.07,22937.61,71698.59,28997.95,0
2019/7/6,123615.07,0.06,22916.49,71700.57,28997.95,0
2019/7/7,123615.88,0,22917.36,71700.57,28997.95,0
2019/7/8,122803.51,0.07,22538.17,71712.75,28552.52,0
2019/7/9,109103.64,0.06,8559.66,71718.85,28825.07,0
2019/7/10,124810.11,0,24096.03,71723.46,28990.62,0
2019/7/11,125260.91,0.07,24262.27,71728.64,29269.93,0
2019/7/12,125419.87,0.07,23992.85,71733.81,29693.14,0
2019/7/13,125619.44,0,24191.49,71734.81,29693.14,0
2019/7/14,125620.89,0,24192.94,71734.81,29693.14,0
2019/7/15,125850.56,0.14,23924.39,71746.96,30179.07,0
2019/7/16,125810.6,0.06,24657.25,71753.05,29400.24,0
2019/7/17,125885.21,79.07,24388.8,71758.7,29658.64,0
2019/7/18,125557.27,10.06,24199.4,71763.87,29583.94,0
2019/7/19,124945.65,20.06,23052.96,71769.03,30103.6,0
2019/7/20,122964.16,0.06,21090.48,71770.02,30103.6,0
2019/7/21,122965.67,0.2,21091.85,71770.02,30103.6,0
2019/7/22,122857.6,50.13,19994.86,71782.09,31030.52,0
2019/7/23,123035.53,0.07,5371.28,71789.16,45875.02,0
2019/7/24,123274.06,0.06,16301.76,71793.82,35178.42,0
2019/7/25,123475.63,0.06,16032.02,71799.98,35643.57,0
2019/7/26,123540.94,0.07,15751.27,71804.14,35985.46,0
2019/7/27,124379,0.06,16588.35,71805.13,35985.46,0
2019/7/28,124351.48,0,16560.89,71805.13,35985.46,0
2019/7/29,124340.51,0,16291.87,71817.16,36231.48,0
2019/7/30,124510.35,0.07,16021.42,71824.2,36664.66,0
2019/7/31,124295.13,0.06,17838.21,71828.67,34628.19,0
2019/8/1,124053.61,0.13,17977.24,71833.79,34242.45,0
2019/8/2,123774.15,0.07,18468.86,71838.9,33466.32,0
2019/8/3,123781.29,4.07,18470.01,71840.89,33466.32,0
2019/8/4,123782.44,0.07,18475.16,71840.89,33466.32,0
2019/8/5,113194.52,13.06,7980.06,71852.84,33348.56,0
2019/8/6,132714.45,1.94,27498.64,71859.86,33354.01,0
2019/8/7,132574.09,0.06,26998.15,71865.48,33710.4,0
2019/8/8,132825.43,24.07,26532.93,71870.6,34397.83,0
2019/8/9,132483.75,0.06,26133.2,71875.72,34474.77,0
2019/8/10,131966.38,0,25614.9,71876.71,34474.77,0
2019/8/11,131967.97,0,25616.49,71876.71,34474.77,0
2019/8/12,112577.33,0.13,4228.59,71888.66,36459.95,0
2019/8/13,135262.32,0.07,26764.37,71894.69,36603.19,0
2019/8/14,135441.96,0.06,26539.68,71900.31,37001.91,0
2019/8/15,135595.68,0.06,26316.39,71904.44,37374.79,0
2019/8/16,135741.69,0.06,26031.11,71910.54,37799.98,0
2019/8/17,135745.4,0.07,26034.81,71910.54,37799.98,0
2019/8/18,135747.09,0.07,26036.5,71910.54,37799.98,0
2019/8/19,136484.74,0,25541.55,71922.52,39020.67,0
2019/8/20,133505.21,19.33,22293.18,71929.56,39263.14,0
2019/8/21,133523.42,6.52,23124.38,71935.17,38457.35,0
2019/8/22,133607.49,0.1,22862.44,71940.57,38804.38,0
2019/8/23,133746.81,0.1,22586.44,71945.68,39214.59,0
2019/8/24,133767.21,17.99,22587.95,71946.68,39214.59,0
2019/8/25,133843.72,0,22682.45,71946.68,39214.59,0
2019/8/26,122649.83,6.62,11568.59,71958.56,39116.06,0
2019/8/27,127721.99,0,15805.95,71964.55,39951.49,0
2019/8/28,127650.63,6.55,15536.66,71970.2,40137.22,0
2019/8/29,127632.01,6.62,15274.21,71975.33,40375.85,0
2019/8/30,127529.13,13.04,15011.8,71980.46,40523.83,0
2019/8/31,127531.06,0,15025.78,71981.45,40523.83,0
2019/9/1,127535.1,3.1,15026.72,71981.45,40523.83,0
2019/9/2,126308.67,13.04,12793.8,71993.3,41508.53,0
2019/9/3,126484.16,19.36,12537.64,71999.27,41927.89,0
2019/9/4,126706.11,19.36,12112.93,72004.87,42568.95,0
2019/9/5,127012.68,6.52,11762.62,72009.96,43233.58,0
2019/9/6,127206.63,0.1,12055,72015.03,43136.5,0
2019/9/7,127208.38,0,12055.85,72016.03,43136.5,0
2019/9/8,127209.12,0,12056.59,72016.03,43136.5,0
2019/9/9,127751.52,0.2,12107.27,72028.03,43616.02,0
2019/9/10,127619.93,0.1,11837.49,72035.06,43747.28,0
2019/9/11,143661.55,0.1,27862.28,72040.69,43758.48,0
2019/9/12,143973.35,0.1,27575.2,72046.83,44351.22,0
2019/9/13,143946.25,0,27547.2,72047.83,44351.22,0
2019/9/14,143930.18,0.1,27531.03,72047.83,44351.22,0
2019/9/15,143425.01,0,27025.96,72047.83,44351.22,0
2019/9/16,142878.46,0,26249.25,72064.06,44565.15,0
2019/9/17,142093.14,0.2,25975.03,72072.16,44045.75,0
2019/9/18,142190,0.1,25695.62,72077.07,44417.21,0
2019/9/19,142465.7,0.1,25424.46,72082.27,44958.87,0
2019/9/20,142595.17,9.1,25156.29,72087.43,45342.35,0
2019/9/21,142603.41,0,25172.64,72088.42,45342.35,0
2019/9/22,142005.26,0.1,24574.39,72088.42,45342.35,0
2019/9/23,141616.17,0.2,23292.2,73100.56,45223.21,0
2019/9/24,141696.03,17.2,22973.53,73105.67,45599.63,0
2019/9/25,141181.21,6,22725.4,73111.45,45338.36,0
2019/9/26,140581.96,22,22483.06,73116.71,44960.19,0
2019/9/27,140735.1,0.17,22176.7,73122,45436.23,0
2019/9/28,140737.71,0.06,22178.43,73122.99,45436.23,0
2019/9/29,140764.33,0.06,22205.05,73122.99,45436.23,0
2019/9/30,140413.54,62.07,21954.67,73135.69,45261.11,0
2019/10/1,139618.18,1.11,21218.28,73137.68,45261.11,0
2019/10/2,139609.74,0.07,21210.88,73137.68,45261.11,0
2019/10/3,139576.36,0.13,21177.44,73137.68,45261.11,0
2019/10/4,139160.65,0.06,20761.8,73137.68,45261.11,0
2019/10/5,139162.17,0.06,20763.32,73137.68,45261.11,0
2019/10/6,139163.63,0,20764.84,73137.68,45261.11,0
2019/10/7,139165.16,0.07,20766.3,73137.68,45261.11,0
2019/10/8,139171.29,0.07,20346.89,73170.42,45653.91,0
2019/10/9,139151.65,0.9,19839.25,73183.16,46128.34,0
2019/10/10,139631.28,0.06,19592.51,73189.02,46849.69,0
2019/10/11,138721.18,0,18148.62,73194.29,47378.27,0
2019/10/12,138487.99,6.57,17907.86,73195.29,47378.27,0
2019/10/13,138479.21,0,17905.65,73195.29,47378.27,0
2019/10/14,138457.48,0.13,17036.87,73207.74,48212.74,0
2019/10/15,141774.59,8377.12,12096.15,73214.94,48086.38,0
2019/10/16,141597.04,0.06,20204.41,73220.73,48171.84,0
2019/10/17,141572.39,0,19935.3,73225,48412.09,0
2019/10/18,140949.78,0.07,18666.66,74231.26,48046.7,5.09
2019/10/19,140897.11,0.06,18614,74231.26,48046.7,5.09
2019/10/20,140890.94,0.06,18607.83,74231.26,48046.7,5.09
2019/10/21,140919.6,0.07,18339.15,74243.65,48331.63,5.1
2019/10/22,141263.54,0.06,18062.47,74250.97,48944.95,5.09
2019/10/23,133946.21,0.07,10793.78,74257.06,48890.2,5.1
2019/10/24,133919.53,4.43,10524.61,74261.45,49123.95,5.09
2019/10/25,133872.02,10,10862.58,73264.02,49730.28,5.14
2019/10/26,133843.75,0,10843.31,73265.02,49730.28,5.14
2019/10/27,133844.48,0,10844.04,73265.02,49730.28,5.14
2019/10/28,145927.76,0,22054.06,73277.44,50591.12,5.14
2019/10/29,143491.17,1.6,19743.13,73284.69,50461.75,0
2019/10/30,140002.19,0.07,16376.12,73289.55,50336.45,0
2019/10/31,139842.81,0.06,16107.34,73292.87,50442.54,0
2019/11/1,140664.1,0,16034.53,73297.17,51332.4,0
2019/11/2,140676.36,0.06,16035.74,73298.16,51342.4,0
2019/11/3,140250.4,0,15609.84,73298.16,51342.4,0
2019/11/4,128279.81,0,3080.92,73310.68,51888.21,0
2019/11/5,129723.18,1094.86,2764.35,73317.94,52546.03,0
2019/11/6,128379.55,0.07,3048.56,73323.78,52007.14,0
2019/11/7,127583.52,0.07,1773.81,73329.11,52480.53,0
2019/11/8,127294.38,0.07,1404,73334.46,52555.85,0
2019/11/9,127295.47,0,1404.17,73335.45,52555.85,0
2019/11/10,127320.07,19.5,1409.27,73335.45,52555.85,0
2019/11/11,137091.81,0.13,11905.24,73348.1,51838.34,0
2019/11/12,137120.6,3.55,11484.28,73354.39,52278.38,0
2019/11/13,137061.35,0.07,11222.97,73360.21,52478.1,0
2019/11/14,137291.37,0.07,10848.79,73364.53,53077.98,0
2019/11/15,136783.27,0.07,10459.7,73368.85,52954.65,0
2019/11/16,136784.97,0,10460.48,73369.84,52954.65,0
2019/11/17,136685.71,0.03,10361.19,73369.84,52954.65,0
2019/11/18,139036.61,5.08,11957.13,73382.36,53692.04,0
2019/11/19,140210.98,0.04,13176.85,72386.99,54646.97,0.13
2019/11/20,138458.64,0.04,11500.91,72393.71,54563.85,0.13
2019/11/21,139464.71,0.03,12231.99,72398.94,54833.62,0.13
2019/11/22,139874.4,5.04,12962.98,72404.15,54502.1,0.13
2019/11/23,139807,0.04,12898.59,72406.14,54502.1,0.13
2019/11/24,139807.86,0,12899.49,72406.14,54502.1,0.13
2019/11/25,139704.01,0.03,12283.53,72418.37,55001.95,0.13
2019/11/26,139708.8,0.04,12014.43,72425.48,55268.72,0.13
2019/11/27,139868.44,0.03,11798.29,72430.16,55639.823,0.13
2019/11/28,144214.78,0.03,16029.17,72435.35,55750.1,0.13
2019/11/29,141071.62,0.08,12705.07,72440.53,55925.81,0.13
2019/11/30,191384.77,0.03,63017.27,72441.53,55925.81,0.13
2019/12/1,191388.94,10.04,32961.43,102441.53,55975.81,0.13
2019/12/2,221505.52,1.04,62597.6,102453.7,56453.05,0.13
2019/12/3,221726.78,2000.04,60224.8,102460.91,57040.9,0.13
2019/12/4,222117.56,0.01,61519.67,102469.91,58126.25,1.72
2019/12/5,222495.68,5.25,61144.61,102478.06,58866.04,1.72
2019/12/6,222911.32,0,60884.35,102486.22,59539.04,1.71
2019/12/7,222902.75,0.02,60874.76,102487.22,59539.04,1.71
2019/12/8,221737.9,0.01,59709.92,102487.22,59539.04,1.71
2019/12/9,221804.22,0.01,59444.25,102507.95,59850.31,1.7
2019/12/10,238924.5,0.02,76153,102517.35,60252.43,1.7
2019/12/11,239463.43,625.91,75887.39,102525.6,60422.83,1.7
2019/12/12,239323.67,0.01,76247.78,102533.84,60540.33,1.71
2019/12/13,238109.71,0.01,63653.3,102542.05,71912.66,1.69
2019/12/14,238295.48,0.01,63838.07,102543.05,71912.66,1.69
2019/12/15,238300.24,0,63842.84,102543.05,71912.66,1.69
2019/12/16,239079.67,0.01,64687.14,102562.52,71830,0
2019/12/17,239960.16,0,64477.8,102572.59,72909.77,0
2019/12/18,239841.4,0.01,55201.47,112583.99,72055.93,0
2019/12/19,238749.88,2019.91,51815.5,112592.23,72322.24,0
2019/12/20,238395.37,0.01,53569.29,112600.47,72225.6,0
2019/12/21,238390.51,0.01,53563.44,112601.46,72225.6,0
2019/12/22,238394.65,0,12467.59,112601.46,113325.6,0
2019/12/23,237356.47,0.02,1848.56,112624.36,122883.53,0
2019/12/24,238544.67,9.91,12109.62,102636.67,123788.47,0
2019/12/25,238644.23,0.01,11946.09,102648.33,124049.8,0
2019/12/26,238641.93,0.02,11676.23,102658.48,124307.2,0
2019/12/27,228887.71,0.01,12057.22,92497.52,124332.96,0
2019/12/28,228888.62,0,12058.14,92497.52,124332.96,0
2019/12/29,228880.13,0.01,12049.64,92497.52,124332.96,0
2019/12/30,229840.09,70.01,11780.55,92519.49,125470.04,0
2019/12/31,230105.26,0.01,11581.46,92527.45,125996.34,0
2020/01/01,225799.82,0,7276.03,92527.45,125996.34,0
2020/01/02,227257.37,0,7386.48,92544.83,127326.06,0
2020/01/03,227322.94,0,7474.23,92552.1,127296.61,0
2020/01/04,227193.1,0,7344.39,92552.1,127296.61,0
2020/01/05,227193.65,0,7344.94,92552.1,127296.61,0
2020/01/06,235490.84,0.02,15075.49,92576.37,127838.96,0
2020/01/07,235565.94,0.01,14251.35,92583.65,128730.93,0
2020/01/08,229930.91,0.01,9130.48,92594.97,128205.45,0
2020/01/09,230754.02,0.01,8862.8,92603.12,129288.09,0
2020/01/10,235970.52,0,13826.8,92611.13,129532.59,0
2020/01/11,246927.23,0.01,24783.5,92611.13,129532.59,0
2020/01/12,246853.78,0,24710.06,92611.13,129532.59,0
2020/01/13,248831.53,0,25616.23,92632.79,130582.51,0
2020/01/14,248633.07,0,25987.5,92639.89,130005.68,0
2020/01/15,248397.82,0.01,25719.31,92651.15,130027.35,0
2020/01/16,250798.36,0.01,27941.49,92659.11,130197.75,0
2020/01/17,250818.14,7.88,27671.52,92667.14,130471.6,0
2020/01/18,250776.86,0.06,27638.06,92667.14,130471.6,0
2020/01/19,250800.84,21.93,27640.17,92667.14,130471.6,0
2020/01/20,254650.38,0,30400.52,92688.89,131560.97,0
2020/01/21,253236.4,0,29826.25,92696.03,130714.12,0
2020/01/22,253706.44,0,29558.19,92707.29,131440.96,0
2020/01/23,251554.42,0,29290.44,92715.4,129548.58,0
2020/01/24,251579.19,22.54,29292.67,92715.4,129548.58,0
2020/01/25,251581.41,0,29317.43,92715.4,129548.58,0
2020/01/26,251583.64,0.01,29319.65,92715.4,129548.58,0
2020/01/27,251585.86,0,29321.88,92715.4,129548.58,0
2020/01/28,251588.08,0,29324.1,92715.4,129548.58,0
2020/01/29,251574.9,0,29310.92,92715.4,129548.58,0
2020/01/30,251583.7,0,29319.72,92715.4,129548.58,0
2020/01/31,251585.9,0,29321.92,92715.4,129548.58,0
2020/02/01,251588.11,0,29324.13,92715.4,129548.58,0
2020/02/02,251590.3,0,29326.32,92715.4,129548.58,0
2020/02/03,246497.14,0,29058.51,92791.78,124646.85,0
2020/02/04,247950.19,0,28880.46,92798.89,126270.84,0
2020/02/05,249125.43,0.06,28702.88,92819.32,127603.17,0
2020/02/06,250678.42,6.81,28428.28,92827.36,129415.97,0
2020/02/07,251033.87,0.02,28167.06,92835.28,130031.51,0
2020/02/08,245737.34,0,22870.55,92835.28,130031.51,0
2020/02/09,245738.93,0,22872.14,92835.28,130031.51,0
2020/02/10,248535.11,0,24813.65,92856.68,130864.78,0
2020/02/11,248702.2,0,24545.24,92863.72,131293.24,0
2020/02/12,240067.59,0,24676.83,82874.83,132515.93,0
2020/02/13,240034.47,356,24408.61,82882.7,132387.16,0
2020/02/14,240300.37,0,24496.37,82890.62,132913.38,0
2020/02/15,240302.18,0,24498.18,82890.62,132913.38,0
2020/02/16,240303.99,0,24499.99,82890.62,132913.38,0
2020/02/17,242244.96,0.31,24231.8,82912.04,135100.81,0
2020/02/18,242719.13,0.31,24119.47,82919.07,135680.28,0
2020/02/19,242379.61,0.01,23851.19,82930.2,135598.21,0
2020/02/20,243875.49,0,23582.87,82938.1,137354.52,0
2020/02/21,244545.88,0.01,23530.04,82945.99,138069.84,0
2020/02/22,244547.53,0,23531.7,82945.99,138069.84,0
2020/02/23,244549.18,0,23533.35,82945.99,138069.84,0
2020/02/24,245004.53,0,23882.14,82967.4,138154.99,0
2020/02/25,245151.43,31.02,26144.9,82974.41,136001.1,0
2020/02/26,245164.14,0,25922.58,82985.46,136256.1,0

