date,total,yeb,lc,jj,hj
2018/11/22,2753.680 ,835.480 ,1891.130 ,16.980 ,10.090 
2018/11/23,2755.090 ,835.940 ,1891.130 ,17.940 ,10.080 
2018/11/24,2755.550 ,836.400 ,1891.130 ,17.940 ,10.080 
2018/11/25,2773.040 ,836.850 ,1908.170 ,17.940 ,10.080 
2018/11/26,2781.410 ,837.300 ,1914.090 ,19.900 ,10.120 
2018/11/27,2787.800 ,837.750 ,1920.100 ,19.910 ,10.040 
2018/11/28,2794.810 ,838.200 ,1925.870 ,20.820 ,9.920 
2018/11/29,2802.160 ,838.660 ,1931.640 ,21.780 ,10.080 
2018/11/30,2803.590 ,839.120 ,1931.640 ,22.750 ,10.080 
2018/12/1,2804.050 ,839.580 ,1931.640 ,22.750 ,10.080 
2018/12/2,2821.460 ,840.040 ,1948.590 ,22.750 ,10.080 
2018/12/3,2829.700 ,840.500 ,1954.460 ,24.690 ,10.050 
2018/12/4,2838.030 ,840.960 ,1960.430 ,26.610 ,10.030 
2018/12/5,2847.140 ,841.430 ,1966.180 ,29.480 ,10.050 
2018/12/6,2854.420 ,841.900 ,1971.920 ,30.460 ,10.140 
2018/12/7,2855.910 ,842.380 ,1971.920 ,31.420 ,10.190 
2018/12/8,2856.390 ,842.860 ,1971.920 ,31.420 ,10.190 
2018/12/9,2873.630 ,843.340 ,1988.680 ,31.420 ,10.190 
2018/12/10,2882.900 ,843.640 ,1994.470 ,34.320 ,10.470 
2018/12/11,2890.030 ,843.940 ,2000.410 ,35.280 ,10.400 
2018/12/12,2897.870 ,844.240 ,2006.100 ,37.190 ,10.340 
2018/12/13,2900.320 ,844.690 ,2011.820 ,33.400 ,10.410 
2018/12/14,2898.810 ,845.150 ,2011.820 ,31.500 ,10.340 
2018/12/15,2899.260 ,845.600 ,2011.820 ,31.500 ,10.340 
2018/12/16,2916.610 ,846.050 ,2028.720 ,31.500 ,10.340 
2018/12/17,2924.800 ,846.500 ,2034.580 ,33.450 ,10.270 
2018/12/18,2929.510 ,846.950 ,2040.570 ,31.550 ,10.440 
2018/12/19,2935.770 ,847.410 ,2046.330 ,31.560 ,10.470 
2018/12/20,2944.890 ,847.870 ,2052.110 ,34.430 ,10.480 
2018/12/21,2947.500 ,847.890 ,2053.550 ,35.390 ,10.670 
2018/12/22,2949.520 ,848.460 ,2055.000 ,35.390 ,10.670 
2018/12/23,2968.540 ,849.030 ,2073.450 ,35.390 ,10.670 
2018/12/24,2976.470 ,849.600 ,2080.740 ,35.390 ,10.740 
2018/12/25,2985.630 ,850.160 ,2088.220 ,36.350 ,10.900 
2018/12/26,2992.660 ,850.800 ,2095.500 ,35.390 ,10.970 
2018/12/27,3003.270 ,851.440 ,2102.710 ,38.270 ,10.850 
2018/12/28,3012.300 ,852.150 ,2104.160 ,44.980 ,11.010 
2018/12/29,3014.480 ,852.890 ,2105.600 ,44.980 ,11.010 
2018/12/30,3016.670 ,853.630 ,2107.050 ,44.980 ,11.010 
2018/12/31,3018.860 ,854.370 ,2108.500 ,44.980 ,11.010 
2019/1/1,3049.110 ,855.110 ,2138.010 ,44.980 ,11.010 
2019/1/2,3066.170 ,855.850 ,2145.600 ,53.600 ,11.120 
2019/1/3,3078.130 ,856.570 ,2152.900 ,57.390 ,11.270 
2019/1/4,3096.350 ,857.270 ,2154.340 ,73.450 ,11.290 
2019/1/5,3098.480 ,857.950 ,2155.790 ,73.450 ,11.290 
2019/1/6,3117.320 ,858.630 ,2173.950 ,73.450 ,11.290 
2019/1/7,3139.890 ,859.310 ,2180.970 ,88.450 ,11.160 
2019/1/8,3148.990 ,859.960 ,2188.590 ,89.410 ,11.030 
2019/1/9,3168.930 ,860.610 ,2195.730 ,101.650 ,10.940 
2019/1/10,3174.820 ,860.930 ,2202.860 ,100.090 ,10.940 
2019/1/11,3192.330 ,861.250 ,2204.310 ,115.880 ,10.890 
2019/1/12,3194.070 ,861.540 ,2205.760 ,115.880 ,10.890 
2019/1/13,3212.500 ,861.810 ,2223.920 ,115.880 ,10.890 
2019/1/14,3204.550 ,862.080 ,2231.820 ,99.740 ,10.910 
2019/1/15,3256.870 ,862.770 ,2240.350 ,142.950 ,10.800 
2019/1/16,3263.170 ,863.380 ,2248.470 ,140.460 ,10.860 
2019/1/17,3253.830 ,863.960 ,2256.470 ,122.530 ,10.870 
2019/1/18,3305.540 ,864.510 ,2257.980 ,172.160 ,10.890 
2019/1/19,3307.610 ,865.080 ,2259.480 ,172.160 ,10.890 
2019/1/20,3328.690 ,865.590 ,2280.050 ,172.160 ,10.890 
2019/1/21,3358.940 ,866.100 ,2287.380 ,194.670 ,10.790 
2019/1/22,3310.030 ,866.640 ,2295.330 ,137.220 ,10.840 
2019/1/23,3320.990 ,867.570 ,2302.850 ,139.770 ,10.800 
2019/1/24,3355.330 ,868.490 ,2310.440 ,165.580 ,10.820 
2019/1/25,3365.960 ,869.430 ,2311.890 ,173.840 ,10.800 
2019/1/26,3368.410 ,870.310 ,2313.460 ,173.840 ,10.800 
2019/1/27,3388.850 ,871.150 ,2333.060 ,173.840 ,10.800 
2019/1/28,3392.740 ,871.990 ,2340.600 ,169.150 ,11.000 
2019/1/29,3377.760 ,872.900 ,2348.790 ,144.930 ,11.140 
2019/1/30,3332.530 ,873.810 ,2356.420 ,91.080 ,11.220 
2019/1/31,3351.270 ,874.700 ,2363.950 ,101.410 ,11.210 
2019/2/1,3503.510 ,875.320 ,2365.400 ,251.510 ,11.280 
2019/2/2,3505.560 ,875.930 ,2366.840 ,251.510 ,11.280 
2019/2/3,3507.540 ,876.460 ,2368.290 ,251.510 ,11.280 
2019/2/4,3509.520 ,876.990 ,2369.740 ,251.510 ,11.280 
2019/2/5,3511.490 ,877.520 ,2371.180 ,251.510 ,11.280 
2019/2/6,3513.470 ,878.050 ,2372.630 ,251.510 ,11.280 
2019/2/7,3515.450 ,878.580 ,2374.080 ,251.510 ,11.280 
2019/2/8,3517.420 ,879.110 ,2375.520 ,251.510 ,11.280 
2019/2/9,3519.400 ,879.640 ,2376.970 ,251.510 ,11.280 
2019/2/10,3580.180 ,880.170 ,2437.220 ,251.510 ,11.280 
2019/2/11,3761.150 ,880.700 ,2444.600 ,424.570 ,11.280 
2019/2/12,3838.950 ,881.260 ,2454.860 ,491.520 ,11.310 
2019/2/13,4006.800 ,882.250 ,2462.910 ,650.400 ,11.240 
2019/2/14,4044.080 ,883.180 ,2470.890 ,678.820 ,11.190 
2019/2/15,3930.320 ,884.350 ,2472.340 ,562.250 ,11.380 
2019/2/16,3932.890 ,885.470 ,2473.790 ,562.250 ,11.380 
2019/2/17,3954.860 ,886.580 ,2494.650 ,562.250 ,11.380 
2019/2/18,4279.800 ,887.680 ,2502.550 ,878.030 ,11.540 
2019/2/19,4285.420 ,888.810 ,2511.300 ,873.710 ,11.600 
2019/2/20,4314.540 ,889.890 ,2519.480 ,893.400 ,11.770 
2019/2/21,4301.270 ,890.860 ,2527.830 ,870.960 ,11.620 
2019/2/22,4550.070 ,891.130 ,2529.280 ,1118.220 ,11.440 
2019/2/23,4551.770 ,891.390 ,2530.720 ,1118.220 ,11.440 
2019/2/24,4575.450 ,891.650 ,2554.140 ,1118.220 ,11.440 
2019/2/25,5211.120 ,891.910 ,2563.070 ,1744.760 ,11.380 
2019/2/26,5145.580 ,892.230 ,2572.900 ,1669.090 ,11.360 
2019/2/27,5118.740 ,892.550 ,2581.730 ,1633.120 ,11.340 
2019/2/28,5120.660 ,892.910 ,2590.350 ,1626.230 ,11.170 
2019/3/1,5297.830 ,893.350 ,2591.800 ,1801.660 ,11.020 
2019/3/2,5300.420 ,894.490 ,2593.250 ,1801.660 ,11.020 
2019/3/3,5321.430 ,895.630 ,2613.120 ,1801.660 ,11.020 
2019/3/4,5512.310 ,896.770 ,2620.740 ,1984.140 ,10.660 
2019/3/5,5730.170 ,898.580 ,2629.400 ,2191.660 ,10.530 
2019/3/6,5898.300 ,900.580 ,2637.320 ,2349.700 ,10.700 
2019/3/7,5914.440 ,902.560 ,2645.230 ,2356.070 ,10.580 
2019/3/8,5555.330 ,904.640 ,2646.680 ,1993.190 ,10.820 
2019/3/9,5558.790 ,906.660 ,2648.120 ,1993.190 ,10.820 
2019/3/10,5580.630 ,908.440 ,2668.180 ,1993.190 ,10.820 
2019/3/11,5851.010 ,910.210 ,2675.840 ,2254.040 ,10.920 
2019/3/12,5972.440 ,912.120 ,2685.270 ,2364.130 ,10.920 
2019/3/13,5834.300 ,914.060 ,2694.410 ,2214.910 ,10.920 
2019/3/14,5702.270 ,916.460 ,2703.350 ,2071.540 ,10.920 
2019/3/15,5831.520 ,918.840 ,2704.790 ,2196.970 ,10.920 
2019/3/16,5835.300 ,920.780 ,2706.630 ,2196.970 ,10.920 
2019/3/17,5860.590 ,922.710 ,2729.990 ,2196.970 ,10.920 
2019/3/18,6170.880 ,924.600 ,2738.700 ,2496.660 ,10.920 
2019/3/19,6168.880 ,926.520 ,2748.020 ,2483.420 ,10.920 
2019/3/20,6175.290 ,928.370 ,2757.090 ,2478.910 ,10.920 
2019/3/21,6175.290 ,928.370 ,2757.090 ,2478.910 ,10.920 
2019/3/22,6278.080 ,930.070 ,2767.670 ,2569.420 ,10.920 
2019/3/23,6280.370 ,930.910 ,2769.120 ,2569.420 ,10.920 
2019/3/24,6303.500 ,931.750 ,2791.410 ,2569.420 ,10.920 
2019/3/25,6087.120 ,932.580 ,2800.030 ,2343.590 ,10.920 
2019/3/26,5884.400 ,933.400 ,2809.340 ,2130.740 ,10.920 
2019/3/27,6018.820 ,934.150 ,2818.300 ,2255.450 ,10.920 
2019/3/28,5931.620 ,934.900 ,2827.270 ,2158.530 ,10.920 
2019/3/29,6380.890 ,935.640 ,2828.720 ,2605.610 ,10.920 
2019/3/30,6383.040 ,936.350 ,2830.160 ,2605.610 ,10.920 
2019/3/31,6406.100 ,937.040 ,2852.530 ,2605.610 ,10.920 
2019/4/1,6817.650 ,937.730 ,2861.130 ,3007.870 ,10.920 
2019/4/2,6834.810 ,938.400 ,2870.400 ,3015.090 ,10.920 
2019/4/3,6967.340 ,939.060 ,2879.710 ,3137.650 ,10.920 
2019/4/4,7059.140 ,939.730 ,2881.150 ,3227.340 ,10.920 
2019/4/5,7061.470 ,940.610 ,2882.600 ,3227.340 ,10.920 
2019/4/6,7063.760 ,941.450 ,2884.050 ,3227.340 ,10.920 
2019/4/7,7094.240 ,942.280 ,2913.700 ,3227.340 ,10.920 
2019/4/8,7082.070 ,943.100 ,2922.250 ,3205.800 ,10.920 
2019/4/9,7128.790 ,943.910 ,2931.990 ,3241.970 ,10.920 
2019/4/10,7150.940 ,944.470 ,2941.220 ,3254.330 ,10.920 
2019/4/11,6925.320 ,945.020 ,2950.170 ,3019.210 ,10.920 
2019/4/12,6901.720 ,945.570 ,2951.620 ,2993.610 ,10.920 
2019/4/13,6904.790 ,947.200 ,2953.060 ,2993.610 ,10.920 
2019/4/14,6928.790 ,948.780 ,2975.480 ,2993.610 ,10.920 
2019/4/15,6870.460 ,950.360 ,2983.870 ,2925.310 ,10.920 
2019/4/16,7166.700 ,952.060 ,2993.090 ,3210.630 ,10.920 
2019/4/17,7203.300 ,953.720 ,3002.060 ,3236.600 ,10.920 
2019/4/18,7203.300 ,953.720 ,3002.060 ,3236.600 ,10.920 
2019/4/19,7282.860 ,957.030 ,3012.380 ,3302.530 ,10.920 
2019/4/20,7285.940 ,958.660 ,3013.830 ,3302.530 ,10.920 
2019/4/21,7309.850 ,960.250 ,3036.150 ,3302.530 ,10.920 
2019/4/22,7068.960 ,961.840 ,3044.570 ,3051.630 ,10.920 
2019/4/23,6987.790 ,963.400 ,3053.730 ,2959.740 ,10.920 
2019/4/24,7064.620 ,964.950 ,3062.590 ,3026.160 ,10.920 
2019/4/25,6699.400 ,966.560 ,3071.320 ,2650.600 ,10.920 
2019/4/26,6554.350 ,968.160 ,3072.770 ,2502.500 ,10.920 
2019/4/27,6557.370 ,969.730 ,3074.220 ,2502.500 ,10.920 
2019/4/28,6581.160 ,971.240 ,3096.500 ,2502.500 ,10.920 
2019/4/29,6474.740 ,971.490 ,3104.850 ,2387.480 ,10.920 
2019/4/30,6541.090 ,971.730 ,3106.300 ,2452.140 ,10.920 
2019/5/1,6542.760 ,971.960 ,3107.740 ,2452.140 ,10.920 
2019/5/2,6544.440 ,972.190 ,3109.190 ,2452.140 ,10.920 
2019/5/3,6546.110 ,972.420 ,3110.630 ,2452.140 ,10.920 
2019/5/4,6547.790 ,972.650 ,3112.080 ,2452.140 ,10.920 
2019/5/5,6591.560 ,972.880 ,3155.620 ,2452.140 ,10.920 
2019/5/6,5725.980 ,973.110 ,3164.430 ,1577.520 ,10.920 
2019/5/7,5881.520 ,974.530 ,3174.390 ,1721.680 ,10.920 
2019/5/8,5756.270 ,976.220 ,3183.010 ,1586.120 ,10.920 
2019/5/9,5556.480 ,977.890 ,3191.540 ,1376.130 ,10.920 
2019/5/10,6056.080 ,979.350 ,3192.990 ,1872.820 ,10.920 
2019/5/11,6058.970 ,980.790 ,3194.440 ,1872.820 ,10.920 
2019/5/12,6082.730 ,982.230 ,3216.760 ,1872.820 ,10.920 
2019/5/13,5889.020 ,983.660 ,3225.440 ,1669.000 ,10.920 
2019/5/14,5804.980 ,985.080 ,3234.600 ,1574.380 ,10.920 
2019/5/15,6137.630 ,987.820 ,3243.220 ,1895.670 ,10.920 
2019/5/16,6225.250 ,990.550 ,3251.850 ,1971.930 ,10.920 
2019/5/17,5799.640 ,993.260 ,3253.300 ,1542.160 ,10.920 
2019/5/18,5803.780 ,995.960 ,3254.740 ,1542.160 ,10.920 
2019/5/19,5828.930 ,998.650 ,3277.200 ,1542.160 ,10.920 
2019/5/20,5743.890 ,1001.320 ,3285.900 ,1445.750 ,10.920 
2019/5/21,5989.440 ,1003.330 ,3295.990 ,1679.200 ,10.920 
2019/5/22,5916.810 ,1005.310 ,3305.690 ,1594.890 ,10.920 
2019/5/23,5639.070 ,1007.300 ,3315.190 ,1305.660 ,10.920 
2019/5/24,5627.190 ,1008.290 ,3316.630 ,1291.350 ,10.920 
2019/5/25,5629.630 ,1009.280 ,3318.080 ,1291.350 ,10.920 
2019/5/26,5655.680 ,1010.250 ,3343.160 ,1291.350 ,10.920 
2019/5/27,5957.720 ,1011.220 ,3352.880 ,1582.700 ,10.920 
2019/5/28,6055.850 ,1012.970 ,3363.100 ,1668.860 ,10.920 
2019/5/29,6049.060 ,1014.710 ,3372.780 ,1650.650 ,10.920 
2019/5/30,5958.470 ,1016.430 ,3382.270 ,1548.850 ,10.920 
2019/5/31,5914.890 ,1016.770 ,3383.720 ,1503.480 ,10.920 
2019/6/1,5916.660 ,1017.090 ,3385.170 ,1503.480 ,10.920 
2019/6/2,5942.210 ,1017.410 ,3410.400 ,1503.480 ,10.920 
2019/6/3,5875.780 ,1017.730 ,3420.250 ,1426.880 ,10.920 
2019/6/4,5702.920 ,1018.040 ,3430.190 ,1243.770 ,10.920 
2019/6/5,5696.910 ,1018.310 ,3439.780 ,1227.900 ,10.920 
2019/6/6,5434.340 ,1018.570 ,3441.230 ,963.620 ,10.920 
2019/6/7,5436.010 ,1018.800 ,3442.670 ,963.620 ,10.920 
2019/6/8,5437.690 ,1019.030 ,3444.120 ,963.620 ,10.920 
2019/6/9,5471.280 ,1019.200 ,3477.540 ,963.620 ,10.920 
2019/6/10,5693.220 ,1019.370 ,3487.480 ,1175.450 ,10.920 
2019/6/11,6351.500 ,1019.510 ,3497.690 ,1823.380 ,10.920 
2019/6/12,6210.610 ,1019.640 ,3507.090 ,1672.960 ,10.920 
2019/6/13,6228.900 ,1020.380 ,3516.640 ,1680.960 ,10.920 
2019/6/14,5978.450 ,1021.150 ,3518.090 ,1428.290 ,10.920 
2019/6/15,5980.660 ,1021.910 ,3519.540 ,1428.290 ,10.920 
2019/6/16,6004.210 ,1022.670 ,3542.330 ,1428.290 ,10.920 
2019/6/17,6018.220 ,1023.440 ,3551.070 ,1432.790 ,10.920 
2019/6/18,6055.260 ,1024.180 ,3558.260 ,1461.900 ,10.920 
2019/6/19,6361.870 ,1024.910 ,3565.130 ,1760.910 ,10.920 
2019/6/20,6932.520 ,1026.910 ,3571.990 ,2322.700 ,10.920 
2019/6/21,7096.130 ,1028.650 ,3573.440 ,2483.120 ,10.920 
2019/6/22,7098.640 ,1029.720 ,3574.880 ,2483.120 ,10.920 
2019/6/23,7116.700 ,1030.790 ,3591.870 ,2483.120 ,10.920 
2019/6/24,7156.940 ,1031.860 ,3599.600 ,2514.560 ,10.920 
2019/6/25,6932.030 ,1032.900 ,3608.930 ,2279.280 ,10.920 
2019/6/26,6904.340 ,1033.920 ,3618.380 ,2241.120 ,10.920 
2019/6/27,7155.040 ,1034.930 ,3626.030 ,2483.160 ,10.920 
2019/6/28,7021.890 ,1035.910 ,3628.470 ,2346.590 ,10.920 
2019/6/29,7021.890 ,1035.910 ,3628.470 ,2346.590 ,10.920 
2019/6/30,7042.120 ,1037.790 ,3646.820 ,2346.590 ,10.920 
2019/7/1,7761.820 ,1038.710 ,3656.700 ,3055.490 ,10.920 
2019/7/2,7741.600 ,1039.590 ,3665.810 ,3025.280 ,10.920 
2019/7/3,7506.120 ,1040.440 ,3672.490 ,2782.270 ,10.920 
2019/7/4,7408.200 ,1041.280 ,3680.160 ,2675.840 ,10.920 
2019/7/5,7533.470 ,1042.100 ,3683.590 ,2796.860 ,10.920 
2019/7/6,7535.730 ,1042.910 ,3685.040 ,2796.860 ,10.920 
2019/7/7,7550.160 ,1043.720 ,3698.660 ,2796.860 ,10.920 
2019/7/8,6843.090 ,1044.530 ,3706.210 ,2081.430 ,10.920 
2019/7/9,6853.110 ,1045.950 ,3712.260 ,2083.980 ,10.920 
2019/7/10,6755.820 ,1046.480 ,3718.890 ,1979.530 ,10.920 
2019/7/11,6772.270 ,1047.000 ,3725.510 ,1988.840 ,10.920 
2019/7/12,6928.430 ,1047.510 ,3727.950 ,2142.050 ,10.920 
2019/7/13,6931.330 ,1048.960 ,3729.400 ,2142.050 ,10.920 
2019/7/14,6946.380 ,1050.410 ,3743.000 ,2142.050 ,10.920 
2019/7/15,7171.290 ,1051.860 ,3750.530 ,2357.980 ,10.920 
2019/7/16,7132.270 ,1053.350 ,3757.630 ,2310.370 ,10.920 
2019/7/17,7132.270 ,1053.350 ,3757.630 ,2310.370 ,10.920 
2019/7/18,6792.190 ,1056.350 ,3770.850 ,1954.070 ,10.920 
2019/7/19,7045.790 ,1057.850 ,3773.290 ,2203.730 ,10.920 
2019/7/20,7048.700 ,1059.310 ,3774.740 ,2203.730 ,10.920 
2019/7/21,7063.520 ,1060.620 ,3788.250 ,2203.730 ,10.920 
2019/7/22,6905.270 ,1061.930 ,3796.770 ,2035.650 ,10.920 
2019/7/23,7082.170 ,1063.220 ,3802.880 ,2205.150 ,10.920 
2019/7/24,7325.980 ,1063.560 ,3810.480 ,2441.020 ,10.920 
2019/7/25,7527.540 ,1063.760 ,3816.090 ,2636.770 ,10.920 
2019/7/26,7602.060 ,1063.950 ,3818.530 ,2708.660 ,10.920 
2019/7/27,7604.510 ,1064.960 ,3819.970 ,2708.660 ,10.920 
2019/7/28,7618.970 ,1065.940 ,3833.450 ,2708.660 ,10.920 
2019/7/29,7604.460 ,1066.920 ,3841.940 ,2684.680 ,10.920 
2019/7/30,7774.530 ,1067.900 ,3847.850 ,2847.860 ,10.920 
2019/7/31,7561.350 ,1068.890 ,3854.420 ,2627.120 ,10.920 
2019/8/1,7323.640 ,1069.870 ,3860.980 ,2381.870 ,10.920 
2019/8/2,6899.720 ,1070.860 ,3864.410 ,1953.530 ,10.920 
2019/8/3,6902.250 ,1071.940 ,3865.860 ,1953.530 ,10.920 
2019/8/4,6916.730 ,1073.020 ,3879.260 ,1953.530 ,10.920 
2019/8/5,6433.510 ,1074.100 ,3887.720 ,1460.770 ,10.920 
2019/8/6,5951.550 ,1074.620 ,3894.790 ,971.220 ,10.920 
2019/8/7,5819.970 ,1075.080 ,3901.360 ,832.610 ,10.920 
2019/8/8,5796.640 ,1078.380 ,3910.360 ,796.980 ,10.920 
2019/8/9,5796.640 ,1078.380 ,3910.360 ,796.980 ,10.920 
2019/8/10,5799.730 ,1080.020 ,3911.810 ,796.980 ,10.920 
2019/8/11,5814.710 ,1081.610 ,3925.200 ,796.980 ,10.920 
2019/8/12,6423.960 ,1083.200 ,3932.680 ,1397.160 ,10.920 
2019/8/13,6189.520 ,1083.470 ,3939.740 ,1155.390 ,10.920 
2019/8/14,6369.070 ,1083.710 ,3945.320 ,1329.120 ,10.920 
2019/8/15,6526.150 ,1085.360 ,3952.870 ,1477.000 ,10.920 
2019/8/16,6669.440 ,1087.020 ,3954.310 ,1617.190 ,10.920 
2019/8/17,6672.530 ,1088.660 ,3955.760 ,1617.190 ,10.920 
2019/8/18,6687.580 ,1090.280 ,3969.190 ,1617.190 ,10.920 
2019/8/19,7633.370 ,1091.900 ,3977.670 ,2552.880 ,10.920 
2019/8/20,7614.530 ,1093.530 ,3984.730 ,2525.350 ,10.920 
2019/8/21,7627.460 ,1094.950 ,3991.580 ,2530.010 ,10.920 
2019/8/22,7712.580 ,1096.490 ,3998.130 ,2607.040 ,10.920 
2019/8/23,7856.830 ,1098.080 ,4000.580 ,2747.250 ,10.920 
2019/8/24,7859.690 ,1099.490 ,4002.030 ,2747.250 ,10.920 
2019/8/25,7874.420 ,1100.900 ,4015.350 ,2747.250 ,10.920 
2019/8/26,7514.740 ,1102.310 ,4022.790 ,2378.720 ,10.920 
2019/8/27,8088.010 ,1103.050 ,4029.890 ,2944.150 ,10.920 
2019/8/28,8011.020 ,1103.760 ,4036.460 ,2859.880 ,10.920 
2019/8/29,7987.230 ,1104.760 ,4043.040 ,2828.510 ,10.920 
2019/8/30,7868.620 ,1105.730 ,4045.480 ,2706.490 ,10.920 
2019/8/31,7871.000 ,1106.670 ,4046.920 ,2706.490 ,10.920 
2019/9/1,7885.240 ,1107.610 ,4060.220 ,2706.490 ,10.920 
2019/9/2,8608.300 ,1108.550 ,4067.640 ,3421.190 ,10.920 
2019/9/3,8765.500 ,1109.350 ,4074.680 ,3570.550 ,10.920 
2019/9/4,9143.890 ,1110.140 ,4081.220 ,3941.610 ,10.920 
2019/9/5,9545.810 ,1110.910 ,4087.740 ,4336.240 ,10.920 
2019/9/6,9736.890 ,1111.660 ,4090.180 ,4524.130 ,10.920 
2019/9/7,9739.090 ,1112.410 ,4091.630 ,4524.130 ,10.920 
2019/9/8,9753.280 ,1113.150 ,4105.080 ,4524.130 ,10.920 
2019/9/9,10301.950 ,1113.890 ,4113.550 ,5063.590 ,10.920 
2019/9/10,10170.310 ,1113.910 ,4120.630 ,4924.850 ,10.920 
2019/9/11,9919.910 ,1114.720 ,4128.220 ,4666.050 ,10.920 
2019/9/12,10245.900 ,1115.530 ,4130.660 ,4988.790 ,10.920 
2019/9/13,10249.240 ,1117.420 ,4132.110 ,4988.790 ,10.920 
2019/9/14,10252.510 ,1119.250 ,4133.550 ,4988.790 ,10.920 
2019/9/15,10272.020 ,1121.080 ,4151.230 ,4988.790 ,10.920 
2019/9/16,10227.290 ,1122.870 ,4160.780 ,4932.720 ,10.920 
2019/9/17,9446.020 ,1124.650 ,4167.130 ,4143.320 ,10.920 
2019/9/18,9555.890 ,1126.410 ,4173.780 ,4244.780 ,10.920 
2019/9/19,9835.900 ,1128.150 ,4180.390 ,4516.440 ,10.920 
2019/9/20,9953.540 ,1129.880 ,4182.820 ,4629.920 ,10.920 
2019/9/21,9956.740 ,1131.630 ,4184.270 ,4629.920 ,10.920 
2019/9/22,9972.080 ,1133.380 ,4197.860 ,4629.920 ,10.920 
2019/9/23,9591.200 ,1135.090 ,4204.410 ,4240.780 ,10.920 
2019/9/24,9706.480 ,1136.720 ,4211.640 ,4347.200 ,10.920 
2019/9/25,9183.590 ,1138.390 ,4218.350 ,3815.930 ,10.920 
2019/9/26,8543.810 ,1140.050 ,4225.080 ,3167.760 ,10.920 
2019/9/27,8753.930 ,1141.690 ,4227.520 ,3373.800 ,10.920 
2019/9/28,8756.940 ,1143.250 ,4228.970 ,3373.800 ,10.920 
2019/9/29,8772.640 ,1144.810 ,4243.110 ,3373.800 ,10.920 
2019/9/30,8332.520 ,1146.370 ,4246.550 ,2928.680 ,10.920 
2019/10/1,8335.510 ,1147.910 ,4248.000 ,2928.680 ,10.920 
2019/10/2,8338.440 ,1149.400 ,4249.440 ,2928.680 ,10.920 
2019/10/3,8341.380 ,1150.890 ,4250.890 ,2928.680 ,10.920 
2019/10/4,8344.320 ,1152.380 ,4252.340 ,2928.680 ,10.920 
2019/10/5,8347.220 ,1153.840 ,4253.780 ,2928.680 ,10.920 
2019/10/6,8350.130 ,1155.300 ,4255.230 ,2928.680 ,10.920 
2019/10/7,8385.780 ,1156.760 ,4289.420 ,2928.680 ,10.920 
2019/10/8,8524.220 ,1158.220 ,4303.600 ,3051.480 ,10.920 
2019/10/9,8737.350 ,1159.610 ,4310.910 ,3255.910 ,10.920 
2019/10/10,9196.780 ,1160.970 ,4317.630 ,3707.260 ,10.920 
2019/10/11,9459.140 ,1162.310 ,4320.070 ,3965.840 ,10.920 
2019/10/12,9461.830 ,1163.550 ,4321.520 ,3965.840 ,10.920 
2019/10/13,9476.950 ,1164.770 ,4335.420 ,3965.840 ,10.920 
2019/10/14,10051.280 ,1165.990 ,4344.060 ,4530.310 ,10.920 
2019/10/15,9663.310 ,1167.140 ,4351.300 ,4133.950 ,10.920 
2019/10/16,9485.630 ,1168.280 ,4357.020 ,3949.410 ,10.920 
2019/10/17,9464.410 ,1169.110 ,4364.720 ,3919.660 ,10.920 
2019/10/18,8831.830 ,1170.470 ,4366.170 ,3284.270 ,10.920 
2019/10/19,8834.540 ,1171.740 ,4367.610 ,3284.270 ,10.920 
2019/10/20,8849.650 ,1173.010 ,4381.450 ,3284.270 ,10.920 
2019/10/21,8874.620 ,1174.270 ,4390.220 ,3299.200 ,10.930 
2019/10/22,9226.710 ,1175.520 ,4397.750 ,3642.520 ,10.920 
2019/10/23,8909.050 ,1176.760 ,4403.590 ,3317.770 ,10.930 
2019/10/24,8880.350 ,1177.510 ,4410.400 ,3281.520 ,10.920 
2019/10/25,9219.910 ,1178.250 ,4412.840 ,3617.850 ,10.970 
2019/10/26,9222.090 ,1178.980 ,4414.290 ,3617.850 ,10.970 
2019/10/27,9236.690 ,1179.710 ,4428.160 ,3617.850 ,10.970 
2019/10/28,9836.950 ,1180.440 ,4436.850 ,4208.690 ,10.970 
2019/10/29,9394.640 ,1181.200 ,4443.160 ,3759.320 ,10.960 
2019/10/30,9005.500 ,1182.590 ,4447.930 ,3364.020 ,10.960 
2019/10/31,8848.470 ,1183.730 ,4453.670 ,3200.110 ,10.960 
2019/11/1,9471.890 ,1184.850 ,4456.110 ,3819.970 ,10.960 
2019/11/2,9474.460 ,1185.970 ,4457.560 ,3819.970 ,10.960 
2019/11/3,9489.530 ,1187.080 ,4471.520 ,3819.970 ,10.960 
2019/11/4,9775.130 ,1188.160 ,4480.230 ,4095.780 ,10.960 
2019/11/5,10120.490 ,1188.410 ,4487.520 ,4433.600 ,10.960 
2019/11/6,9777.720 ,1188.600 ,4494.290 ,4083.870 ,10.960 
2019/11/7,9988.090 ,1188.780 ,4501.090 ,4287.260 ,10.960 
2019/11/8,9795.970 ,1188.900 ,4503.530 ,4092.580 ,10.960 
2019/11/9,9797.510 ,1189.000 ,4504.970 ,4092.580 ,10.960 
2019/11/10,9811.710 ,1189.100 ,4519.070 ,4092.580 ,10.960 
2019/11/11,8832.040 ,1189.200 ,4526.810 ,3105.070 ,10.960 
2019/11/12,8854.420 ,1189.280 ,4534.070 ,3120.110 ,10.960 
2019/11/13,8795.050 ,1189.360 ,4539.840 ,3054.890 ,10.960 
2019/11/14,9026.450 ,1190.110 ,4545.610 ,3279.770 ,10.960 
2019/11/15,8636.390 ,1190.950 ,4548.040 ,2886.440 ,10.960 
2019/11/16,8638.550 ,1191.660 ,4549.490 ,2886.440 ,10.960 
2019/11/17,8653.230 ,1192.370 ,4563.460 ,2886.440 ,10.960 
2019/11/18,9025.000 ,1193.080 ,4572.130 ,3248.830 ,10.960 
2019/11/19,9718.820 ,1193.800 ,4580.300 ,3933.760 ,10.960 
2019/11/20,9323.210 ,1194.640 ,4586.970 ,3530.640 ,10.960 
2019/11/21,9323.900 ,1195.560 ,4586.970 ,3530.410 ,10.960 